title,artist,tempo,chroma_number,zcr_mean,zcr_std,energy_mean,energy_entropy_mean,spectral_centroid_mean,spectral_spread_mean,spectral_entropy_mean,mfcc_2_mean,mfcc_5_mean,mfcc_6_mean,spectral_centroid_std,spectral_entropy_std,spectral_spread_std,chroma_7_std,delta chroma_2_std,delta chroma_3_std,delta chroma_9_std,delta chroma_std_std,delta energy_std,delta mfcc_1_std,delta mfcc_3_std,delta mfcc_13_std,delta spectral_centroid_std,delta spectral_entropy_std,delta spectral_flux_std,delta spectral_spread_std,primary,secondary
a new adventure,takanashi yasuharu,117.45383522727272,-0.0106350530967013,0.082014254,0.031155803,0.061664203,3.164051108,0.186061863,0.20192282,0.743289144,1.315195245,0.269997808,0.221737645,0.037640711,0.302643377,0.024970254,0.041462451,0.005403181,0.091484023,0.002353976,0.020059556,0.031982548,0.619484686,0.254529052,0.189749546,0.03968876,0.30451588,0.003463873,0.026443884,1,6
a oh,super junior,129.19921875,-0.005782174978379,0.078038767,0.028662446,0.087948473,3.213385818,0.179458546,0.196233828,0.75045244,1.245056724,0.258492406,0.030995296,0.03381969,0.310651047,0.019869599,0.057432464,0.005405607,0.059461802,0.013171035,0.016081475,0.031599527,0.785050303,0.345785047,0.22528242,0.035336856,0.333456888,0.002661805,0.021355021,3,2
a thousand years,christina perri,92.28515625,-0.0163207458611544,0.044616518,0.018092254,0.052476749,3.217902815,0.122203104,0.1707026,0.313783921,2.265041589,0.114663783,-0.051465477,0.027845173,0.178202443,0.024609856,0.023756289,0.004883061,0.021081747,0.005285493,0.00749805,0.016750319,0.521221448,0.241592842,0.196299115,0.028887106,0.155286674,0.002793788,0.030024542,6,5
adore u,seventeen,103.359375,-0.0077445566646183,0.058125358,0.027801759,0.113696384,3.142737783,0.145659708,0.170424097,0.540594267,1.224648395,0.199584839,0.254200951,0.033234545,0.30703827,0.023113195,0.070609634,0.00585889,0.055812225,0.004606535,0.018485329,0.064444197,1.280267851,0.469696465,0.248864503,0.035615487,0.324714159,0.007247231,0.028047076,3,2
after rain,aimer,117.45383522727272,-0.010324108943978,0.068619817,0.026402409,0.083934211,3.211793949,0.147982109,0.169066325,0.558325367,1.322703982,0.115696491,0.237649723,0.032861834,0.285003027,0.021432207,0.051472941,0.009390302,0.025972701,0.008355967,0.014672858,0.06477559,1.005204211,0.362243116,0.220263567,0.033298164,0.300292103,0.005283351,0.025979269,2,5
ai no katachi,tachibana keita,103.359375,-0.0122162922063681,0.050714271,0.017489773,0.08501816,3.123391437,0.131373987,0.173750128,0.416060123,2.091354726,0.352659619,0.115380755,0.026907833,0.186631743,0.02345597,0.028120664,0.004049947,0.032207021,0.006214875,0.009174224,0.042038576,0.853797828,0.293759958,0.210947019,0.028536639,0.174297195,0.003985929,0.02887762,5,6
ai xiao de yan jing,jj lin,66.25600961538461,-0.0120039807700577,0.044449159,0.022891037,0.044167103,3.195244485,0.134735124,0.179834514,0.338964887,2.345224096,-0.144102692,-0.171503847,0.033896269,0.251515416,0.025301633,0.049736798,0.004904918,0.02579409,0.010900954,0.015646734,0.021750136,1.006228379,0.392647149,0.232135858,0.037312151,0.252692442,0.007761414,0.031604511,4,6
all my heart,super junior,95.703125,-0.018274428154324,0.064243684,0.036871555,0.119313049,3.176775082,0.16437727,0.195907587,0.540920909,1.787253073,0.097898247,0.192086405,0.040962417,0.389334534,0.021686156,0.078226971,0.004314373,0.046322176,0.012125814,0.021753928,0.090067035,0.989155915,0.43228749,0.243596894,0.04124302,0.36384961,0.006511381,0.026492675,2,5
"alliance force, assemble",takanashi yasuharu,95.703125,0.0077075138825947,0.060471969,0.02275905,0.04634756,3.165340835,0.14710631,0.179140299,0.476277319,1.941502736,0.154406855,0.181675217,0.034310603,0.221221897,0.022949914,0.031291696,0.003558775,0.04472603,0.006960915,0.010442861,0.025011829,0.856229974,0.243676154,0.196323425,0.030993917,0.214597835,0.00774374,0.02404587,1,6
alone,toshiro masuda,80.74951171875,-0.00677337668631,0.040618998,0.014947752,0.037799924,3.236986378,0.104726713,0.164765425,0.212048685,2.930908515,-0.083380805,0.168426245,0.029160744,0.13780166,0.03113454,0.013298942,0.01051686,0.015684855,0.00415083,0.006455491,0.012747481,0.864605384,0.32928349,0.210237957,0.032088856,0.113875428,0.011533156,0.03811556,4,6
am,one direction,143.5546875,-0.0114132067639699,0.054978849,0.036004544,0.076545823,3.219511249,0.129789004,0.161850356,0.401135738,2.112538742,-0.050120998,0.12709312,0.040712037,0.330439256,0.025850525,0.025274707,0.004599708,0.033501617,0.010200338,0.01168341,0.022498725,0.865988275,0.360121235,0.227774646,0.037624682,0.285943352,0.00635651,0.031892956,5,4
angela,super junior,107.666015625,-0.0011145003684199,0.076121785,0.034761747,0.073979146,3.183414607,0.174101005,0.196902253,0.65148839,1.349245058,0.286685458,0.322871019,0.0476903,0.335876204,0.02985194,0.056322794,0.003888947,0.044993023,0.007351708,0.015574169,0.039755567,0.830485393,0.343427198,0.215134054,0.047596625,0.330679702,0.004426322,0.031960838,2,6
"baby, don't cry",exo,69.83741554054055,-0.0111283205926404,0.053817028,0.031332104,0.093662552,3.185847253,0.136685873,0.175149262,0.364652578,1.879626673,-0.045312426,0.098614422,0.044040496,0.296277585,0.027337177,0.054541415,0.006710082,0.034711898,0.010131848,0.015466966,0.063529951,0.950754272,0.40141849,0.217162062,0.041123386,0.279645218,0.006486398,0.030903032,2,4
bad things,"camila cabello, machine gun kelly",135.99917763157896,0.0134760581891785,0.040123072,0.026633568,0.120715489,3.167989535,0.123837291,0.171431917,0.286469615,2.377090918,0.124113496,0.240538535,0.041967697,0.259130828,0.027622803,0.058082932,0.006730757,0.045419483,0.007012631,0.015363757,0.056451117,1.165685093,0.474590553,0.252190234,0.042366535,0.260280645,0.007183361,0.033173465,5,6
battleborne,two steps from hell,151.99908088235293,0.0070163011562548,0.03448433,0.006905068,0.022125056,3.235684492,0.095820519,0.143816111,0.181927143,2.198233592,-0.138194332,0.072707356,0.016267701,0.060041745,0.027185909,0.014216694,0.010776998,0.020201062,0.005732989,0.006951275,0.006007247,0.363994349,0.234851399,0.192810448,0.020012221,0.058411693,0.001779702,0.036057736,1,6
bboom bboom,momoland,123.046875,0.0117038786945983,0.098149356,0.051742237,0.092304955,3.142026135,0.215412466,0.206504394,0.888424073,1.642657342,0.117082563,-0.002932879,0.044299291,0.518711132,0.016470192,0.105779233,0.007106773,0.053210488,0.008982036,0.033305769,0.083389729,1.515072008,0.482015773,0.23825907,0.047649223,0.610791692,0.007456924,0.019172716,3,6
because i miss you,kyuhyun,73.828125,0.0233791552926723,0.044700971,0.027620886,0.054597166,3.180932626,0.144068309,0.196944431,0.261001027,2.772619589,-0.054512596,-0.104021948,0.042124421,0.242898174,0.027976383,0.03111828,0.007710967,0.028607816,0.008040202,0.011183755,0.030787252,0.784938085,0.316510466,0.214453638,0.041958122,0.229367416,0.006445603,0.032287535,6,4
because of you,kelly clarkson,69.83741554054055,-0.0225116763384128,0.055809037,0.023866754,0.055538141,3.214496966,0.142377684,0.178878158,0.391883873,1.937566293,-0.070917444,-0.074459439,0.030771608,0.215108447,0.02109624,0.023421707,0.008745787,0.024547996,0.007497231,0.010343884,0.03948751,0.794822737,0.314336787,0.216560931,0.02980315,0.201978746,0.006482439,0.024428697,6,5
beggin on your knees,victoria justice,129.19921875,-0.0163321538444497,0.079561972,0.032832553,0.102928955,3.226773493,0.185206092,0.199229792,0.678989344,1.116223562,0.047016931,0.118265869,0.035118063,0.327003839,0.020970706,0.076687535,0.008561386,0.035218616,0.006093683,0.021133829,0.048838661,1.063013881,0.410542353,0.236589145,0.038547206,0.340633125,0.004187147,0.025227097,3,6
between,yesung,99.38401442307692,-0.0091418918278771,0.071059366,0.038070724,0.097500803,3.155198148,0.188612022,0.214375374,0.524585332,2.106411046,0.12940966,0.219753942,0.046698327,0.349051227,0.023626658,0.055606563,0.004017937,0.038455818,0.01554034,0.015470708,0.054938053,1.049571166,0.367011903,0.232590885,0.04604546,0.33833964,0.007031844,0.026937574,2,5
bie qing yi shuo ai,cheng xin,117.45383522727272,-0.0077907196889541,0.05782045,0.027221909,0.053253354,3.212996933,0.128802999,0.162153178,0.472908099,1.963262028,0.087685433,0.095305139,0.032584357,0.299982588,0.024515855,0.044268606,0.00447433,0.033280469,0.008971981,0.013874092,0.032829092,0.814072497,0.33559092,0.215626451,0.031468386,0.264199461,0.006853112,0.030695612,6,5
body language,jesse mccartney,161.4990234375,-0.0288055314005217,0.064025635,0.030102729,0.093508786,3.172463783,0.163866985,0.186128245,0.567818976,1.210657681,-0.014793987,0.243487439,0.030639593,0.321384289,0.016265494,0.069833273,0.00242556,0.04760178,0.005095276,0.019645791,0.068256129,1.263865522,0.422198029,0.255623814,0.032009434,0.328717764,0.006427777,0.018915661,2,6
boys and girls,lmc,95.703125,-0.0138076903541196,0.100462795,0.028199949,0.109305743,3.207962744,0.194048687,0.196648965,1.078739013,1.271668582,0.400206101,0.220743849,0.025018692,0.29306159,0.016533656,0.048002939,0.003895712,0.033969383,0.004039237,0.014910445,0.051586741,0.842689481,0.323257473,0.224926164,0.024510516,0.313142038,0.002247993,0.017973624,3,6
cassandra,two steps from hell,117.45383522727272,-0.0173183053286727,0.031839692,0.006380612,0.030096675,3.226739321,0.087750252,0.146135029,0.151497092,2.32338134,-0.232480514,0.021272929,0.017598728,0.053240633,0.028675398,0.015024166,0.009682359,0.016192053,0.006178308,0.006388307,0.00691952,0.529997332,0.237168151,0.181057376,0.021175481,0.046981924,0.004047446,0.036502012,1,6
celestial spirit leo,takanashi yasuharu,86.1328125,0.0109553187548192,0.08720664,0.025732349,0.081191564,3.149421214,0.174739519,0.180912475,0.879017893,1.252510641,0.360845238,0.359966083,0.026552083,0.276680133,0.0169866,0.045061541,0.004616779,0.055506907,0.003251863,0.015559875,0.038977092,0.676760189,0.245099916,0.189157013,0.026500141,0.291009618,0.004047845,0.019729653,1,6
city,yamagami takeshi,107.666015625,0.035979012349783,0.027892768,0.004610215,0.018999067,3.192401686,0.076630126,0.137193375,0.072614577,2.630124503,-0.309228143,-0.100851656,0.022740196,0.032011776,0.04126451,0.018228965,0.003951195,0.015333807,0.008292066,0.00996595,0.010610335,0.735713859,0.230819953,0.192183727,0.030083365,0.03426832,0.005674609,0.055874495,4,2
cobra's poison,takanashi yasuharu,99.38401442307692,-0.0202146451299297,0.080667281,0.023315853,0.087464558,3.155232654,0.166921174,0.17457616,0.80174395,1.26043418,0.293259887,0.194614703,0.028428785,0.277706769,0.020128547,0.039530657,0.002347747,0.070089269,0.003366986,0.018621519,0.048194842,0.934676329,0.237794716,0.190635691,0.030599704,0.359029322,0.003389002,0.021343557,1,6
core pride,uverworld,92.28515625,-0.0091569241336766,0.077473392,0.025942243,0.108417445,3.20486708,0.174250674,0.19384606,0.704488223,1.384696038,0.232667026,0.163903831,0.026852731,0.272423565,0.01579755,0.046484515,0.004483118,0.051472892,0.008015405,0.016049092,0.049987042,0.718900652,0.331201568,0.228701485,0.027621486,0.293127642,0.003923577,0.017746895,3,6
cosmic,"ryeowook, bada",184.5703125,-0.010644271194367,0.068615632,0.028135303,0.107847966,3.249814065,0.153889116,0.181200166,0.483118373,1.227495155,-0.001281445,0.026283845,0.033566799,0.276618911,0.019294576,0.028010137,0.012670055,0.029277756,0.008643193,0.012393756,0.032726871,0.615688092,0.360878085,0.213076409,0.030589523,0.242690239,0.003613117,0.020904084,2,5
count on you,"jordin sparks, big time rush",92.28515625,0.0046978567323165,0.071944408,0.041410886,0.083311633,3.161443023,0.177251395,0.195344237,0.572536617,1.702156135,0.055146415,-0.03267061,0.049621008,0.396430936,0.028853984,0.05565986,0.007322439,0.098519192,0.008112506,0.024984101,0.049779257,1.090890045,0.504621414,0.254381238,0.050845728,0.394327853,0.00837671,0.032841226,2,5
crimson lotus,takanashi yasuharu,151.99908088235293,0.0025502426028919,0.076564739,0.02666769,0.075424935,3.090159274,0.174799798,0.187758625,0.746178065,1.11954194,0.280073975,0.310612923,0.03150841,0.279159168,0.022292404,0.044497327,0.001660322,0.119665009,0.00144724,0.027504963,0.038515135,0.81174964,0.242942893,0.199088786,0.030052287,0.310051718,0.007036434,0.020694054,1,6
daisy,stereo dive foundation,184.5703125,-0.0083292084662489,0.043287901,0.017260367,0.068368996,3.208094463,0.107282701,0.14502276,0.361798105,1.759073659,0.069077214,0.237733811,0.022826769,0.210987364,0.026043869,0.056531696,0.005211553,0.035152256,0.005873563,0.012534512,0.021420986,0.774468094,0.321878818,0.216439222,0.025465559,0.20080126,0.00548609,0.033802659,5,6
dawn star and boy's song,sereno,95.703125,0.016556398748708,0.042690975,0.011161829,0.023541558,3.193461857,0.101088254,0.147289976,0.244141622,1.855786549,-0.149701775,0.262433723,0.024481598,0.131256733,0.032344466,0.027500224,0.006299274,0.019405319,0.007809164,0.010456548,0.017915783,0.942247128,0.319017427,0.204487033,0.026115239,0.116951577,0.009479584,0.040649131,2,6
deng ni,a lin,129.19921875,-0.0124413926827661,0.038222405,0.02401689,0.023418378,3.197024636,0.107344577,0.162526272,0.238869888,2.772539352,-0.247428826,-0.120722518,0.036510118,0.265310591,0.030702895,0.028465207,0.007634118,0.017501193,0.020652908,0.010187442,0.009840978,0.812895199,0.371958887,0.215901413,0.037024836,0.240278941,0.008703702,0.037546396,4,6
destiny of love,yiruma,135.99917763157896,0.0274806317561291,0.040343679,0.008322499,0.006872483,3.21390823,0.10033255,0.158785085,0.104121181,2.772719368,-0.265240309,0.079434878,0.023193634,0.04872961,0.03233042,0.01673549,0.005434333,0.017095012,0.002875383,0.008080784,0.004000355,0.767359154,0.26785124,0.203676324,0.028070327,0.03806763,0.007332001,0.041873478,4,2
dive to world,cherryblossom,143.5546875,-0.0026659227607203,0.076929197,0.032110242,0.086630323,3.196291707,0.164416145,0.177211392,0.707347099,1.337189725,0.143025992,0.172206042,0.034291853,0.334171191,0.021867273,0.052325179,0.004703195,0.033775419,0.004841478,0.014673579,0.035403072,0.855832589,0.417926653,0.240926859,0.033328904,0.308428428,0.005378112,0.024619317,3,2
do you hear what i hear,carrie underwood,78.30255681818181,-0.0175520178536419,0.046156615,0.023964537,0.047685438,3.241514855,0.117668007,0.161101027,0.318130691,2.214177458,-0.024056469,-0.058022379,0.031845369,0.199576683,0.025590611,0.026728884,0.006885737,0.022127722,0.013933602,0.010831467,0.013039067,0.559630506,0.281817069,0.210616942,0.031847064,0.180527248,0.006379984,0.032221774,4,2
does he know,one direction,135.99917763157896,-0.0043407849945106,0.074163642,0.033351492,0.075752257,3.204369929,0.175071592,0.200571244,0.591770923,1.519717324,0.088176368,0.25996412,0.039845923,0.320424125,0.020937131,0.05431053,0.006401814,0.030998856,0.013453163,0.015759861,0.045252396,0.997702903,0.360592025,0.218798473,0.036225992,0.315153838,0.004037155,0.021404149,3,2
don't stop,5 seconds of summer,151.99908088235293,-0.0043064643155021,0.066330113,0.021145473,0.088827818,3.136388426,0.136014181,0.153457091,0.63572823,1.372918017,0.150408836,0.205525899,0.022210587,0.237958888,0.018775374,0.051300471,0.004355803,0.050499009,0.006359338,0.01707893,0.053466997,0.846017173,0.310864824,0.21620951,0.023245604,0.257676419,0.003471954,0.022842788,3,2
don't wake me,skillet,129.19921875,-0.026367050175055,0.066783045,0.023391774,0.075956442,3.196414411,0.148504853,0.174041451,0.545113851,1.697845263,0.052014829,0.231336907,0.028163536,0.226573924,0.019155768,0.03198168,0.00529549,0.027063353,0.00749032,0.010841034,0.038373021,0.582386219,0.333620975,0.213226971,0.030275889,0.243660707,0.002899469,0.022809551,6,5
dorothy,super junior,143.5546875,-0.0126954223947252,0.05055048,0.023972947,0.062673174,3.196123838,0.134049312,0.177699156,0.406176442,2.213056651,-0.082087478,-0.027820413,0.038226186,0.251086122,0.030100248,0.03322267,0.00509219,0.022376653,0.013046442,0.009965555,0.030691732,0.657877689,0.299027253,0.213355323,0.039388241,0.246549777,0.004180215,0.03449235,6,4
down,jay sean,66.25600961538461,0.0088640351626357,0.057775768,0.036096696,0.100257967,3.111233579,0.15531158,0.186120304,0.486955884,1.69510365,0.039234965,0.146714825,0.038684021,0.394335358,0.019522398,0.065146609,0.007545716,0.099054285,0.007082133,0.022109284,0.080268447,1.386994759,0.409626587,0.250912104,0.038386081,0.388669969,0.008764866,0.023808922,5,2
dragon cry,takanashi yasuharu,95.703125,-0.0150232715561287,0.063016642,0.022222363,0.037243315,3.098947819,0.152332353,0.177703137,0.610542603,1.453960516,0.287763479,0.243216201,0.025524894,0.24183021,0.019507803,0.052005721,0.002720338,0.084156406,0.003264,0.016749781,0.022135703,0.908522693,0.23446393,0.173127051,0.021491347,0.20797628,0.008343791,0.01895678,1,6
dragon fight,takanashi yasuharu,89.10290948275862,-0.0130995279256212,0.071374093,0.028157938,0.071510527,3.072343438,0.175905595,0.194205951,0.665069805,1.307466052,0.358704591,0.275602133,0.032953017,0.30369274,0.025150004,0.045653422,0.001471135,0.133151524,0.001708792,0.03008515,0.045808291,0.865342352,0.250797045,0.186201048,0.034477664,0.346864293,0.010599629,0.025576171,1,6
dragon rider,two steps from hell,161.4990234375,-0.0003719003347416,0.070014941,0.032048017,0.051407234,3.087231834,0.181253685,0.206992206,0.519910217,1.869402242,0.154924161,0.157656769,0.034809572,0.296378749,0.017923194,0.08858991,0.003849922,0.055323276,0.003927001,0.023349576,0.024028145,0.800740869,0.306872549,0.204848231,0.033250198,0.293959628,0.005325928,0.021089009,1,6
dragon slayer,takanashi yasuharu,73.828125,0.0325326697030422,0.067846907,0.02213611,0.073584716,3.177231178,0.150629258,0.173604925,0.626471419,1.633827698,0.309796811,0.232885147,0.028464282,0.230632922,0.01963533,0.035855029,0.002326472,0.054805491,0.002974317,0.014599609,0.033410339,0.530348012,0.208413731,0.178857042,0.028549838,0.250881945,0.004805442,0.021959651,1,6
dreamer,super junior,95.703125,0.0079707745117584,0.039719043,0.022255545,0.091900306,3.156024059,0.127478722,0.174984515,0.292636531,2.14623763,-0.006747728,0.023777479,0.032817192,0.235124621,0.022843159,0.04857547,0.002196667,0.053145117,0.007102992,0.01493737,0.024422764,0.775145562,0.314696612,0.226675728,0.034437149,0.233011256,0.004795998,0.027150862,5,4
dynamite,taio cruz,117.45383522727272,0.0281468978187383,0.055893585,0.030111726,0.110613109,3.103705814,0.154284614,0.184093661,0.428361691,1.542058515,0.048094188,0.219669589,0.032526307,0.297819886,0.018891484,0.068148646,0.00290082,0.063935775,0.012508897,0.021150951,0.084045751,1.254218706,0.447725364,0.266700083,0.03420077,0.331624534,0.006782244,0.021724891,3,6
everytime we touch,cascada,143.5546875,-0.0086481619756295,0.081233245,0.037296528,0.101898487,3.200556398,0.197878373,0.205992358,0.634343774,1.591895178,0.063537508,0.026542117,0.03245661,0.307578024,0.014235263,0.086389067,0.005502202,0.058805072,0.007230779,0.025975954,0.039230953,1.019365493,0.38510655,0.236419642,0.032816712,0.343219826,0.005900568,0.015923729,3,6
fade,alan walker,89.10290948275862,0.0053381107100135,0.052372956,0.023777145,0.112095245,3.085867922,0.153072137,0.192395574,0.467100058,2.043798458,0.242125729,0.180993575,0.035369225,0.274842307,0.019726439,0.054781339,0.003410146,0.048270956,0.004479578,0.016920206,0.051855175,1.190880243,0.375455309,0.213814237,0.038718778,0.304896679,0.007195773,0.025817638,3,5
faded,alan walker,89.10290948275862,0.0068921785549815,0.062810297,0.027105485,0.074439362,3.201882085,0.154398361,0.184545505,0.472969156,1.851256969,0.103583721,0.006880822,0.031177454,0.266411327,0.020074554,0.049766409,0.010666957,0.042599563,0.007035353,0.015565486,0.023827486,0.769072577,0.34497241,0.213015479,0.028433677,0.234604191,0.00588008,0.023337376,5,3
fairy tail rising,takanashi yasuharu,112.34714673913044,-0.0299979543906778,0.067289,0.02360026,0.084645852,3.08733687,0.16155456,0.176634936,0.653753059,1.136394188,0.307535,0.357465156,0.025294733,0.251755083,0.01842612,0.051294045,0.00270441,0.125684943,0.001645209,0.027113956,0.04137893,0.730033261,0.229562372,0.191958876,0.024224119,0.274245355,0.007909517,0.019710834,1,6
festival,yamagami takeshi,107.666015625,-0.0196751534081928,0.028767982,0.004468937,0.020829086,3.204453779,0.077116526,0.135552144,0.072454602,2.507141454,-0.318387944,-0.152693009,0.02208501,0.031308089,0.040388164,0.01640044,0.002385045,0.013402883,0.009370575,0.006548179,0.011916061,0.73922907,0.232595412,0.190611078,0.028071394,0.033588677,0.005096294,0.052431407,4,6
fight song,rachel platten,172.265625,-0.0038128559301508,0.067355289,0.040054113,0.052268493,3.138526592,0.161651306,0.18899289,0.456116917,1.863808714,0.003075957,0.078961773,0.044526575,0.316923048,0.022205315,0.044054279,0.008215313,0.048433373,0.003496675,0.014988788,0.033332644,1.00104445,0.393673501,0.226100798,0.039878124,0.293555631,0.005013124,0.024679267,6,1
flight of the silverbird,two steps from hell,135.99917763157896,-0.0082000779145096,0.043125706,0.00886383,0.066203902,3.176920549,0.111084777,0.150378275,0.316852773,1.688896799,0.123936214,0.162990031,0.015995676,0.092920301,0.020960147,0.039755521,0.003814955,0.035635973,0.004346803,0.012113171,0.021420021,0.519877668,0.226271404,0.179551985,0.020435486,0.109097659,0.005097701,0.027402412,1,6
flower dance,dj okawari,99.38401442307692,0.0233002392695015,0.053478834,0.019680338,0.035966306,3.192683431,0.13105352,0.17443551,0.298441059,2.335654161,-0.025766279,0.083070899,0.037229309,0.18992322,0.030135122,0.042762544,0.006432993,0.019612703,0.005906116,0.011085264,0.014459462,0.796594076,0.29741254,0.202816742,0.042219571,0.195689517,0.005955163,0.036910997,2,5
fo xi shao nu,feng ti mo,129.19921875,-0.0012236183198013,0.051561169,0.030935316,0.055607484,3.137880756,0.137348705,0.167900511,0.509677248,1.819477549,0.158244919,0.010596029,0.037200439,0.332786016,0.024654526,0.074548038,0.005643573,0.063935425,0.004906604,0.019935326,0.041839329,1.551291887,0.484682587,0.247110571,0.04113915,0.363089918,0.009922664,0.031292817,2,3
for the win,two steps from hell,117.45383522727272,-0.0178634950117245,0.054581835,0.012390778,0.042790447,3.211475031,0.126162418,0.165200229,0.371439321,1.687021756,-0.049208152,0.10056294,0.022283975,0.116820853,0.021952412,0.027660084,0.009622685,0.027287104,0.005227235,0.008298621,0.013474169,0.509033714,0.224741424,0.19714108,0.032183681,0.151804097,0.00328097,0.031434103,1,6
gang hao yu jian ni,li yu gang,78.30255681818181,-0.0055521094200982,0.051745415,0.028920184,0.047437742,3.191387256,0.138470955,0.180930041,0.354054395,1.978431861,0.067855455,-0.00472897,0.033830051,0.303891246,0.021545951,0.045072541,0.005502952,0.036266349,0.007726281,0.014136478,0.022512082,0.813573325,0.339666212,0.215218039,0.033658648,0.281621866,0.005658155,0.026424536,5,6
glass heart,jason chen,117.45383522727272,-0.0130935853691956,0.045866245,0.028710185,0.058149324,3.181588458,0.137445462,0.180639795,0.361778398,1.944240062,0.015228148,0.067555025,0.034037765,0.295904991,0.021718286,0.062741529,0.005563855,0.061673869,0.011036036,0.01719804,0.042644693,1.018567702,0.421110545,0.235832585,0.034391232,0.290320156,0.00662716,0.025040553,2,5
gold,britt nicole,95.703125,-0.0145993033538356,0.093027968,0.045402089,0.0805675,3.196447044,0.194994596,0.196087585,0.790734014,0.972797388,0.199374293,0.097395122,0.043598057,0.433667179,0.019283363,0.061011635,0.010532845,0.057136047,0.009353882,0.016945251,0.04764714,1.299861057,0.511576246,0.299702793,0.045131668,0.455330309,0.007232607,0.022394216,3,2
gotta be somebody,nickelback,117.45383522727272,-0.0188318764159078,0.065523339,0.020700779,0.089225058,3.173610816,0.145669962,0.170994927,0.591983867,1.447488379,0.24060648,0.365833988,0.025620426,0.200030862,0.019639034,0.033883986,0.003422954,0.038563934,0.005333823,0.012242247,0.036171473,0.654972222,0.30886152,0.211306203,0.025941021,0.216390779,0.002833764,0.023510362,1,3
guang nian zhi wai,gem,89.10290948275862,0.0074647086420692,0.042507118,0.020839742,0.055105979,3.18049415,0.123817722,0.17612565,0.272411393,2.46387564,0.00243042,-0.041581081,0.032516081,0.197806939,0.025830914,0.053715621,0.005068051,0.05102558,0.011385478,0.014068069,0.028405915,0.829900754,0.366969299,0.209110328,0.0321841,0.185718155,0.006191055,0.030137058,6,1
half a heart,one direction,151.99908088235293,-0.0113125864858893,0.060035986,0.035945186,0.08864223,3.194164105,0.154382497,0.19183913,0.414136011,2.224366503,0.099217058,0.109935055,0.052272132,0.332927096,0.03421618,0.026006986,0.006911171,0.031234977,0.010052894,0.010793961,0.049838799,0.873016322,0.37876491,0.228876905,0.04998776,0.301894118,0.006486776,0.037171283,5,6
happily,one direction,117.45383522727272,0.0163869896699083,0.068095843,0.03222479,0.076571499,3.204340319,0.153814223,0.183363917,0.531040436,1.351992186,-0.067176567,0.184908236,0.034902622,0.297044503,0.022806488,0.05372539,0.012664006,0.059008483,0.008281777,0.016642033,0.035437534,0.901484066,0.369853533,0.223184235,0.033698722,0.278190994,0.003762679,0.024931579,3,2
happy's theme,takanashi yasuharu,112.34714673913044,0.0068229321405165,0.036826817,0.019091239,0.066729748,3.122695796,0.115000586,0.175063449,0.152571119,1.937381773,0.156056754,0.151597767,0.039787364,0.114556459,0.038078425,0.044169895,0.01064061,0.045774406,0.004656086,0.014694726,0.041772052,1.093705633,0.374697574,0.202539249,0.041533797,0.104520726,0.017283994,0.044204715,2,4
haru,super junior,92.28515625,-0.0225150386360807,0.072561485,0.033814205,0.098252426,3.17259253,0.170664219,0.189079001,0.58147483,1.585944391,-0.121660038,0.149188522,0.039079456,0.356278185,0.021843486,0.057560628,0.004410243,0.048971285,0.007230621,0.013761986,0.063029875,1.045552684,0.372995819,0.23801497,0.03867312,0.323778698,0.005157392,0.025758178,2,6
heart of courage,two steps from hell,135.99917763157896,-0.0240977265654113,0.030389428,0.007584869,0.030189141,3.152818735,0.094058046,0.152355724,0.170042127,2.346745739,0.0561817,0.174022275,0.019071585,0.06081298,0.026616945,0.033035261,0.003420166,0.042156674,0.00655361,0.010579137,0.009101679,0.482923943,0.228700551,0.193104085,0.023353868,0.066027768,0.002943635,0.033924727,1,6
heartseeker,"miraie, imeiden",161.4990234375,-0.0064017572187172,0.077908972,0.031421162,0.058833318,3.185160115,0.171550029,0.180583802,0.774820668,0.953011174,0.150241869,0.128126052,0.026168001,0.3443711,0.017909306,0.078113356,0.004414195,0.056430304,0.002538018,0.023466527,0.029182922,1.329328169,0.400930533,0.197822282,0.029505636,0.362699022,0.005495695,0.021085098,3,2
hello,omfg,103.359375,0.0010392377516931,0.0966224,0.055426722,0.090359566,3.148494568,0.21495223,0.20848088,0.982252032,1.246569367,-0.010950296,-0.099240931,0.048995992,0.565823029,0.019458605,0.083804886,0.003940099,0.071610674,0.004300355,0.026201882,0.042711176,1.819237824,0.498747671,0.301875067,0.052977357,0.628343911,0.010712485,0.023340009,3,6
hello,teen top,99.38401442307692,-0.0170541528602703,0.09107393,0.040940664,0.095857807,3.181096103,0.199136761,0.209675013,0.774966767,1.392502826,-0.04928141,0.042585037,0.037824025,0.406826216,0.016741596,0.028744636,0.00504234,0.048930383,0.006260565,0.013882633,0.072353292,0.769721324,0.3663326,0.229172286,0.038355371,0.390591923,0.003672293,0.019886917,3,2
here we go,super junior,117.45383522727272,0.0006970009197766,0.085362687,0.03611596,0.098854534,3.174748918,0.185330839,0.202561414,0.822440962,1.140919111,0.150460361,0.158047384,0.036046691,0.365354711,0.020142837,0.068907151,0.004780965,0.057130547,0.005712471,0.018103635,0.050483888,1.015184734,0.377855777,0.23992123,0.035429959,0.358889429,0.003519501,0.022304059,2,3
"hey, soul sister",train,95.703125,0.0295158115118136,0.069464595,0.03265683,0.078587983,3.164180512,0.15597195,0.183529941,0.537507025,1.726927693,-0.265597949,-0.2037321,0.037960525,0.316179891,0.021962233,0.029144313,0.008710084,0.051560259,0.01866721,0.014706711,0.060672888,1.194546891,0.451174558,0.265369132,0.0398086,0.321564365,0.005806854,0.027512627,2,5
holding an umbrella,hangeng,112.34714673913044,-0.0323238117210389,0.047298978,0.032508917,0.039026254,3.210741959,0.134761232,0.18034596,0.295449144,2.487108647,-0.167013647,-0.081071556,0.043048914,0.307236557,0.025760599,0.033198522,0.00833198,0.02627594,0.006754488,0.011374022,0.017517205,0.799759057,0.347726848,0.218372432,0.040222271,0.279986696,0.006128649,0.03054027,4,6
holiday,henry,123.046875,0.030490049127141,0.069198648,0.036087022,0.102562857,3.151392553,0.180807903,0.207795926,0.625330326,1.494700127,0.083702433,0.115783516,0.038836046,0.350121707,0.023717303,0.090594058,0.003457354,0.047451468,0.006069621,0.021868639,0.065439619,1.119136712,0.39959817,0.240966009,0.045183719,0.367009073,0.004543258,0.028410344,3,2
hoodie,hey violet,95.703125,0.005097096529713,0.059011463,0.034211147,0.091652789,3.150915528,0.148762858,0.174361415,0.486963518,1.408553433,0.001506839,0.160914814,0.039511853,0.317214691,0.024344859,0.058522816,0.005370015,0.07796513,0.004264737,0.02061298,0.043650798,1.288423307,0.419729859,0.237834724,0.03891808,0.296147694,0.011554253,0.029369989,5,6
houki boshi,younha,78.30255681818181,0.018821466869468,0.086091862,0.021801912,0.097613807,3.24645641,0.170459022,0.195323651,0.839222263,1.106974013,0.129523033,0.17023488,0.028106664,0.248296323,0.025044945,0.024891202,0.00668827,0.029449874,0.005365729,0.00895307,0.032872445,0.666323231,0.302206528,0.212526973,0.028597758,0.24168823,0.005134745,0.028099203,3,2
hua shui yue,vk,73.828125,-0.020383372039554,0.039459555,0.012425243,0.012218716,3.179806243,0.09763302,0.15156925,0.137808485,2.150477887,-0.278509549,0.156713941,0.024824969,0.081744062,0.03331014,0.052706273,0.005033092,0.018268515,0.006940845,0.012282026,0.010512988,0.93887567,0.317381368,0.195131955,0.029280771,0.083286882,0.007663706,0.043749798,4,2
hurry up and save me,tiffany giardina,143.5546875,0.0042563952750028,0.080216306,0.02997939,0.081417334,3.193060562,0.153088525,0.161863423,0.818003188,0.688541086,0.2550626,0.212949767,0.025892457,0.311834264,0.01956154,0.087442802,0.003492964,0.035028753,0.00545561,0.021323328,0.057862113,1.044580311,0.366234304,0.238269267,0.025963373,0.309400873,0.005770326,0.022027848,1,3
i,"taeyeon, verbal jint",89.10290948275862,0.0155575893025282,0.07289546,0.033041846,0.1172321,3.22074218,0.171724361,0.195311689,0.596559838,1.524878946,-0.016367781,0.050374318,0.039096374,0.310020251,0.01954514,0.03378261,0.008510116,0.036740398,0.009840913,0.011668234,0.027596606,0.703767832,0.307770002,0.224219397,0.035205378,0.272838136,0.003316852,0.020821251,5,2
i love you,omfg,103.359375,-0.0129582323648741,0.089088591,0.03944549,0.138028559,3.218756398,0.196361284,0.192383161,0.942679743,1.04551292,0.076131719,-0.206225746,0.03717672,0.438816436,0.018511864,0.074964064,0.003917959,0.055903854,0.004073574,0.02222542,0.058684457,1.311343445,0.448524565,0.264231275,0.039408403,0.471903218,0.007934542,0.020358079,3,6
i wish,one direction,123.046875,0.0042887637420858,0.07676909,0.033015774,0.079217691,3.219015455,0.167650629,0.186276291,0.683321937,1.468577521,-0.019463611,0.307257957,0.032010305,0.338277233,0.019735988,0.051951164,0.005394987,0.039606092,0.004886937,0.015982644,0.036555469,0.983463087,0.3487927,0.223293253,0.028288977,0.28844021,0.004027801,0.022660608,2,6
in love,july,172.265625,-0.015880424965318,0.028721712,0.016957693,0.059907324,3.132089558,0.104344361,0.167992936,0.122203519,2.623346039,0.081802948,0.301152742,0.047544864,0.157206289,0.047477996,0.062367666,0.002321797,0.043987415,0.003854712,0.015176654,0.056202706,1.116918765,0.332105648,0.188364015,0.058383247,0.163958998,0.011805058,0.062347098,5,2
invoke magic,takanashi yasuharu,129.19921875,0.0159197569595857,0.073221248,0.026882164,0.078017568,3.130572989,0.16591614,0.178418374,0.725550166,1.536579256,0.293660446,0.282727769,0.031430676,0.310715704,0.018184022,0.050911925,0.001493749,0.071541025,0.00346364,0.018620983,0.046450856,0.721765817,0.236367722,0.181772525,0.03460545,0.374774931,0.006281525,0.020545075,1,6
islands,super junior,117.45383522727272,0.0234451900351971,0.049316457,0.021048779,0.069233898,3.190851036,0.12977262,0.172849184,0.394928828,2.027031873,0.048383129,0.07872917,0.030837039,0.217725037,0.023793709,0.02443971,0.009588412,0.038571828,0.006463655,0.010741926,0.027171472,0.685430278,0.302309255,0.208688357,0.029348225,0.20226416,0.004770438,0.027162973,5,4
it's you,henry,151.99908088235293,-0.0013526432818837,0.055490313,0.032899124,0.083594494,3.21011407,0.159690242,0.199489165,0.328331505,2.64532826,-0.009603672,0.063637725,0.040693028,0.270219523,0.020182666,0.027660172,0.008320979,0.034826414,0.00430846,0.010973788,0.02950603,0.712832573,0.323154345,0.211448728,0.036166193,0.25388605,0.004577519,0.020908406,5,2
ji jing zhi kong,fu xu,129.19921875,0.0506661320627558,0.02691332,0.010127238,0.020131902,3.194715383,0.084468249,0.147774645,0.084365925,2.660049931,-0.134945529,0.129687247,0.028541514,0.12404313,0.035457707,0.074397957,0.006105804,0.049648566,0.004084496,0.019713698,0.013020558,1.376881764,0.383162963,0.202291325,0.033276954,0.135922634,0.009994936,0.046566804,2,4
jing zhe,yin que shi ting,123.046875,0.022497121614629,0.056487293,0.025918817,0.059870655,3.204210562,0.132533845,0.162079659,0.496344961,1.411915539,-0.034552952,-0.004892301,0.027129652,0.306215907,0.023134765,0.052044543,0.002790038,0.045891873,0.007561079,0.018271642,0.031926854,1.103195336,0.420612107,0.219181478,0.029015304,0.323645666,0.009315416,0.028235649,3,2
jiu shi xi huan ni,li meng yin,89.10290948275862,0.0107558837340147,0.081093489,0.053690842,0.035702841,3.173185831,0.178439689,0.188188127,0.659339459,2.111265308,-0.186041754,-0.064053432,0.056698613,0.508453148,0.025824399,0.055742435,0.012869762,0.031714766,0.010916378,0.015536502,0.02143404,1.212235098,0.423934117,0.226832204,0.058986122,0.50766886,0.006474111,0.031014928,2,6
just dance,lady gaga,117.45383522727272,0.009512477723852,0.06942932,0.032213926,0.072171707,3.120086432,0.166438332,0.190454116,0.571817899,1.438227724,0.079061629,0.020204822,0.038636561,0.320514976,0.024475139,0.070372112,0.006187795,0.070852791,0.01102588,0.022251635,0.059387667,1.402453159,0.465321052,0.252140369,0.036106613,0.308470043,0.007589064,0.025292427,3,6
kataomoi,aimer,95.703125,-0.01097136650157,0.04955851,0.031565332,0.053725543,3.196209102,0.12863093,0.162772718,0.412921809,1.827497141,-0.027084522,-0.137734252,0.041440137,0.357436056,0.026324349,0.019484592,0.006899756,0.023048372,0.012577084,0.012898921,0.018837996,1.077840763,0.51338324,0.252174475,0.040735217,0.334879794,0.010631731,0.031959752,5,4
katawaredoki,radwimps,129.19921875,-0.0387061480390366,0.032199691,0.0098011,0.011472732,3.237136189,0.089118796,0.149196388,0.135275937,2.315294764,-0.035389296,0.112847038,0.025900176,0.067471467,0.036105437,0.011516557,0.003505993,0.015533088,0.004506167,0.008390585,0.004896836,0.873971971,0.331158594,0.189737797,0.029084979,0.054239083,0.009089386,0.045956162,4,2
kiss the rain,yiruma,129.19921875,-0.0226123509368458,0.043492047,0.009049123,0.007147065,3.20509843,0.095855757,0.158550737,0.061710793,3.144965976,-0.360034254,-0.197913837,0.024876639,0.029317534,0.034448958,0.027635205,0.005831836,0.012143488,0.00889095,0.007203913,0.005263403,0.931577146,0.349434716,0.17483647,0.028817139,0.027575509,0.00820157,0.042940572,4,6
last first kiss,one direction,161.4990234375,0.0159246455048832,0.083877353,0.032231827,0.0807178,3.209833746,0.183028031,0.198106352,0.755530881,1.285327234,-0.080474497,0.156201662,0.033972108,0.324775836,0.017393253,0.048798409,0.00545265,0.035442657,0.009989413,0.01382286,0.035501417,0.976814227,0.343646917,0.224420163,0.033208973,0.30427191,0.005013358,0.01903334,3,2
let me love you,mario,184.5703125,-0.0241006627495509,0.03875248,0.025012941,0.054442922,3.166897861,0.125921832,0.17145133,0.329833785,2.143005449,0.048897536,0.148081837,0.037690585,0.312150155,0.02879026,0.058128294,0.006187611,0.061208692,0.006201773,0.017193891,0.089472988,1.303641227,0.494949638,0.257777369,0.044680972,0.297366525,0.011502837,0.037594276,5,4
lightning flame dragon roar,takanashi yasuharu,80.74951171875,-0.0311065897946303,0.091224438,0.027282228,0.043281846,3.152527453,0.186983731,0.18964782,0.93150321,1.04681369,0.486231286,0.278291475,0.027293372,0.316171001,0.018967446,0.041462863,0.003241666,0.115573547,0.003366801,0.024629907,0.025497354,0.69198589,0.232224381,0.189486299,0.029086408,0.382119533,0.005614261,0.01907517,1,3
live like there's no tomorrow,selena gomez,184.5703125,-0.0063082166186446,0.060273689,0.019403389,0.102270597,3.200266801,0.14309269,0.175015378,0.485310567,1.717996729,0.200007053,0.075979862,0.023149785,0.191966624,0.018510305,0.035877505,0.00649126,0.05166527,0.00380293,0.012873817,0.038511384,0.611732765,0.309079973,0.22284891,0.023482848,0.19302056,0.003182493,0.021538683,2,3
live while we're young,one direction,123.046875,0.0149733904907792,0.089552916,0.034276092,0.078219709,3.21368084,0.179865095,0.18900353,0.849578808,0.981713515,0.024037102,0.14747372,0.035936147,0.359099866,0.024231513,0.063162177,0.005651193,0.043029326,0.007928093,0.01883306,0.035602893,1.094610731,0.378392653,0.216703071,0.035027202,0.344492224,0.004189308,0.026342359,3,2
livin in,super junior,103.359375,-0.0132777638164834,0.071138965,0.036872177,0.074957298,3.190191099,0.174887112,0.199651959,0.646143064,1.577648154,-0.045833027,0.162206087,0.046393112,0.395415316,0.02568021,0.068199814,0.003984993,0.038399217,0.011010255,0.019667956,0.050725289,1.217041983,0.371918462,0.235669854,0.05176295,0.416555694,0.006596414,0.030210468,5,3
lost my pieces,hashimoto yukari,86.1328125,-0.0003017040554955,0.053450321,0.011746802,0.035422556,3.2233862,0.103790388,0.153044458,0.260522033,2.59081019,-0.117840841,0.007689135,0.023613751,0.096676056,0.035182778,0.013665612,0.007140653,0.011044052,0.003317413,0.005554049,0.011529421,0.65038302,0.287322845,0.19609789,0.027518816,0.080818254,0.003539501,0.045914495,4,6
love somebody,maroon 5,117.45383522727272,-0.024010154584401,0.063174564,0.02492429,0.055852972,3.186281059,0.152933204,0.180394046,0.493235692,1.554231768,0.118944058,0.128771409,0.036585623,0.248855773,0.023877238,0.051332161,0.005316811,0.04916331,0.0107679,0.015466295,0.03378781,1.172250522,0.445340032,0.232800392,0.035332923,0.234505958,0.006773159,0.028023763,3,2
loved you first,one direction,123.046875,0.0067456924783053,0.071339824,0.034051717,0.067499601,3.203328128,0.167262682,0.191047324,0.625268287,1.479443241,0.074331658,0.299165572,0.038573215,0.338921151,0.021883488,0.059526313,0.008008021,0.047842881,0.006236612,0.017278666,0.030535234,1.103208624,0.380547754,0.229097258,0.035421269,0.324551379,0.003765186,0.024513966,3,2
mad,neyo,129.19921875,-0.0145755679025131,0.066423346,0.036989841,0.07058543,3.201552555,0.170249928,0.200225509,0.483078081,2.182788357,0.048091767,-0.141930849,0.041622156,0.366371517,0.018362846,0.074195886,0.007272827,0.033395878,0.009660306,0.018486457,0.045537685,0.964200144,0.367073391,0.230339282,0.043412591,0.394234853,0.007150375,0.020744169,5,6
may be,yiruma,112.34714673913044,-0.012831373524397,0.044009296,0.007583391,0.010693349,3.207824164,0.10135159,0.162413948,0.060659105,3.152278322,-0.326849826,0.174586318,0.025743236,0.024985138,0.035662561,0.034303311,0.002607156,0.011681432,0.002628216,0.007813271,0.006250427,0.886725992,0.294767824,0.193189602,0.033379303,0.026956438,0.009033289,0.049100281,4,2
maybe tomorrow,ryeowook,123.046875,-0.0174850158290757,0.040599459,0.024023385,0.057102756,3.193704635,0.121654399,0.175691696,0.221948032,2.723367154,-0.14363405,0.002398582,0.036020291,0.19726287,0.025756977,0.025619714,0.005495645,0.027507056,0.01336887,0.011043699,0.019910565,0.789579986,0.350685138,0.226149176,0.036626149,0.198706225,0.007507676,0.031506962,5,4
mei you li you,"ryanb, zhou yan ying",89.10290948275862,0.0214563788853191,0.044896118,0.024549844,0.083883111,3.185507551,0.139668002,0.190584228,0.249270117,2.333209857,-0.160153936,-0.165272113,0.036617265,0.19620763,0.022689794,0.045250081,0.011153231,0.032674219,0.013598978,0.014754912,0.031426784,1.100454154,0.350487839,0.212178708,0.033550185,0.181746141,0.005458793,0.025526955,5,2
melody two,kajiura yuki,112.34714673913044,-0.0234977892234686,0.029285035,0.004087047,0.014820055,3.212102219,0.086870422,0.150701244,0.052096756,2.50839853,-0.400292332,0.297766713,0.028396963,0.035271805,0.042683263,0.030866249,0.00476273,0.006118593,0.006716263,0.009409971,0.008700529,1.126696207,0.360430638,0.204340044,0.03411751,0.02717891,0.015184291,0.054240365,4,6
mine,taylor swift,123.046875,-0.0019528252358969,0.086474349,0.037668044,0.087752613,3.21509645,0.173870157,0.186066394,0.779576103,1.278426129,0.20267666,0.282333226,0.04128088,0.351593979,0.020816781,0.04530048,0.0063916,0.027049748,0.004660589,0.013286882,0.038111006,0.7083235,0.331218116,0.219305221,0.040192548,0.33862452,0.003497197,0.024317238,2,3
mirror night,vk,86.1328125,-0.0045440913589632,0.035209776,0.008830069,0.012094536,3.207797593,0.094052668,0.14978188,0.142427099,2.342761433,-0.05598387,0.018804357,0.025567497,0.094774468,0.035090667,0.023186087,0.01143929,0.018973621,0.004851183,0.01020046,0.006498652,1.03185031,0.324579935,0.204003781,0.029604223,0.094621033,0.007838037,0.044066012,4,2
mitsuha no tsugaku,radwimps,99.38401442307692,-0.028683056650625,0.0484682,0.020394484,0.027792847,3.214324429,0.108763423,0.147785592,0.327538779,1.905815311,0.062646731,0.111001736,0.030403943,0.191826482,0.031521995,0.012050763,0.00158769,0.028731917,0.007509273,0.008475644,0.017270003,1.21865139,0.359773562,0.218497978,0.029085859,0.152362973,0.014103882,0.038200529,2,4
more than this,one direction,151.99908088235293,-0.0246384530615731,0.074974936,0.034174696,0.064926207,3.219781843,0.170963462,0.194557949,0.643282734,1.637953104,0.057927085,0.130267584,0.038243981,0.352411104,0.022022669,0.036130745,0.002701489,0.031981605,0.010251568,0.011948822,0.022733439,0.742007062,0.320562398,0.22319965,0.036908524,0.298952646,0.00346647,0.025377975,5,6
morning,toshiro masuda,117.45383522727272,-0.0267176121581879,0.044942907,0.013762414,0.017322351,3.224399747,0.12302516,0.175232393,0.198950153,1.650447307,-0.002448395,0.331730681,0.028850073,0.104098246,0.027923654,0.006267218,0.002058576,0.015577246,0.007465934,0.009421661,0.009852935,0.969523186,0.317725483,0.193591683,0.024501889,0.088276295,0.010749854,0.029041297,4,2
mother,super junior,80.74951171875,-0.0180252393495984,0.062541926,0.033805497,0.073758527,3.186114527,0.154496623,0.187026432,0.474327512,1.669465588,-0.046588595,0.168655037,0.039221458,0.343155242,0.020436255,0.049958521,0.008064145,0.048073508,0.01004399,0.015389314,0.038077036,0.978898884,0.405462908,0.241778272,0.039005779,0.334853608,0.005867487,0.02334774,2,6
na ge ta shi ni,mai xiao er,112.34714673913044,0.0193050754286111,0.061613493,0.050758276,0.040859488,3.167211635,0.157594186,0.188317394,0.436735868,2.588866356,-0.044190631,-0.131532445,0.056580369,0.475054274,0.024907676,0.038192415,0.009768843,0.03249583,0.010598499,0.013565466,0.026469573,1.09891846,0.442143079,0.236048049,0.056651551,0.483242324,0.009909812,0.029818453,2,5
natsu's theme,takanashi yasuharu,129.19921875,-0.0160053731960321,0.079493398,0.029708369,0.08168418,3.144730126,0.166099083,0.174759084,0.787532966,1.36086072,0.341329099,0.362481615,0.033433103,0.315650501,0.018880982,0.047119393,0.002896647,0.081015041,0.002398742,0.020791306,0.043448092,0.707282604,0.240054386,0.185060989,0.033045765,0.359337449,0.006815955,0.020097254,1,6
naturally,selena gomez,135.99917763157896,-0.0053699011763328,0.091125303,0.050480435,0.069943994,3.170081599,0.213255353,0.225859511,0.712015759,1.858900695,0.132576033,0.119975056,0.050746794,0.419826505,0.018947894,0.06199007,0.004577002,0.038983956,0.007857659,0.01727176,0.050280334,1.27085021,0.414908943,0.246453826,0.049534009,0.429616457,0.00572786,0.020776449,3,6
need you now,"henry, hoya",89.10290948275862,0.019937481296705,0.065954674,0.038415053,0.066067233,3.144275135,0.160319831,0.189435166,0.484318411,2.139192668,0.139718179,0.230029933,0.043155038,0.345434698,0.022460713,0.045810355,0.006956772,0.045807972,0.011509963,0.015446966,0.039678641,1.416322952,0.440148059,0.241036404,0.043184942,0.346422116,0.005752515,0.026128078,5,6
ni cong bu zhi dao,liu zeng tong,86.1328125,-0.0092624359018824,0.035225854,0.020263026,0.038431087,3.18573348,0.11500952,0.1698924,0.218503302,2.709267352,0.015027462,0.131237585,0.036514142,0.206592102,0.030433604,0.049956042,0.005000678,0.035808007,0.011342215,0.014207141,0.025811608,1.247774268,0.427581456,0.2398457,0.041434848,0.207700574,0.009366696,0.039925625,5,4
ni pa bu pa shi qu wo,liu zeng tong,83.35433467741936,0.0048871715912148,0.05630085,0.029616123,0.049373892,3.215658111,0.138073734,0.177314231,0.354335618,1.935539726,-0.092687911,0.030613592,0.037438304,0.282858626,0.027533208,0.032321796,0.009915944,0.03866549,0.006784064,0.012969098,0.026086966,0.895050331,0.442029356,0.214402525,0.038526645,0.264614723,0.007038086,0.033419355,2,4
nighty my luna,sereno,161.4990234375,-0.0247239256809062,0.032949123,0.008911923,0.012948251,3.208696361,0.084787785,0.145477807,0.116399755,2.461965757,-0.309144771,-0.14416201,0.025448115,0.074322787,0.042085836,0.017529983,0.011260895,0.011966195,0.005753011,0.007563144,0.006968841,0.914640836,0.269501965,0.179442919,0.028379002,0.069656031,0.007948217,0.049433607,2,4
nine four two zero,mai xiao er,83.35433467741936,-0.01124092468603,0.053394843,0.03464507,0.040439337,3.196997226,0.14889833,0.18615406,0.364814977,2.573122829,-0.037067125,-0.170130576,0.042969912,0.382244958,0.02431406,0.0404759,0.011415939,0.045484907,0.008733962,0.014140909,0.026178754,1.121289704,0.441637213,0.218733532,0.043014125,0.378147624,0.010597723,0.029278431,2,4
no air,"jordin sparks, chris brown",80.74951171875,0.0039660891427376,0.083922475,0.03485963,0.064120205,3.131851216,0.176144958,0.187235094,0.712923163,1.417485063,0.143386465,0.084658395,0.032021654,0.392001596,0.015394549,0.05379801,0.006172412,0.046694096,0.006448481,0.015766059,0.052825958,0.85946652,0.413886634,0.2416898,0.031129306,0.360875428,0.006640777,0.017871406,5,6
no average angel,tiffany giardina,143.5546875,-0.0088274077622098,0.085964143,0.025266747,0.098304384,3.188186833,0.157583111,0.166763739,0.881265836,1.387667411,0.192939377,0.206336084,0.025888482,0.295759241,0.018043814,0.033941842,0.00566259,0.026887633,0.006267118,0.010306465,0.042791409,0.78138281,0.334903277,0.236785209,0.025004239,0.28624523,0.0028028,0.020185534,3,6
no title,reol,135.99917763157896,0.0061763620880039,0.084295276,0.048297471,0.0900992,3.181764187,0.21913214,0.23394703,0.607404385,2.045076115,0.076095239,0.039365198,0.050519396,0.410054639,0.02253995,0.102547742,0.005278327,0.074246919,0.016214981,0.031181905,0.056770649,1.82953861,0.516365955,0.285742121,0.061884822,0.476884761,0.007103693,0.030557348,2,3
norwegian pirate,two steps from hell,161.4990234375,-0.0084847050836814,0.049914865,0.012904758,0.050073825,3.129983863,0.130890928,0.17494152,0.382498988,1.757177767,0.095609376,0.246926839,0.022363201,0.115693089,0.023436891,0.055837565,0.008798039,0.056253527,0.003728797,0.014566401,0.01856472,0.513292146,0.232330639,0.184276017,0.024410299,0.128510043,0.002541706,0.026853044,1,6
not over you,gavin degraw,143.5546875,-0.0075298342572696,0.055844865,0.026053559,0.081057609,3.198046273,0.136084014,0.166737672,0.444444156,1.864726773,-0.160632384,0.080074411,0.033913535,0.266664864,0.025035706,0.037144148,0.008409166,0.054438741,0.009844058,0.014170412,0.037227197,0.844479238,0.33731277,0.227322458,0.035586371,0.255484862,0.005369316,0.030531025,5,6
off my mind,henry,129.19921875,-0.0048581379084052,0.077086596,0.048574652,0.112318672,3.188972662,0.180260899,0.195651756,0.679733968,1.412526877,0.279308234,0.140887526,0.04561827,0.471893106,0.019757997,0.096263014,0.00506089,0.046948753,0.008789053,0.024916319,0.066083429,1.093227548,0.43689159,0.259440147,0.045101469,0.46601129,0.007405378,0.02252875,3,2
one thing,one direction,129.19921875,0.0090963935502027,0.075337655,0.032176501,0.075360036,3.172037789,0.169737288,0.192410892,0.651639999,1.235931815,0.12428228,0.334544473,0.035486328,0.332091055,0.021466383,0.048119476,0.005927583,0.043074609,0.006411172,0.014553867,0.042505402,1.10598695,0.362189582,0.221916765,0.033581118,0.298471601,0.004283081,0.02353641,3,2
paper plane's adventure,vk,117.45383522727272,0.0038949097127294,0.025110243,0.005090806,0.0275047,3.213473374,0.083001108,0.157345218,0.047199612,2.796334724,-0.580860481,-0.208684503,0.022162864,0.0315599,0.032344651,0.012282512,0.018618313,0.014174395,0.005934277,0.007565003,0.008814312,0.785250731,0.291807703,0.197459056,0.028094046,0.035045231,0.008778574,0.041547531,4,2
people of the floating island,takanashi yasuharu,117.45383522727272,-0.0010283114048513,0.084613473,0.031329022,0.027338728,3.19774278,0.192382998,0.213458397,0.625905103,1.475949121,0.218705097,0.076458076,0.043048018,0.30584414,0.023529203,0.026816764,0.003724305,0.040649415,0.001326425,0.011098033,0.017944203,0.999273076,0.310990133,0.206134909,0.045078229,0.301829179,0.009346597,0.025071744,2,6
please don't go,joel adams,83.35433467741936,-0.0018794271403985,0.053217474,0.029367384,0.081866672,3.181135023,0.140251626,0.176569075,0.425399309,1.435584477,-0.016308863,0.105910532,0.037318992,0.298898497,0.025875991,0.04456402,0.005165108,0.073721701,0.0054458,0.017066318,0.044005497,0.815254088,0.346297368,0.227246845,0.035329492,0.26316446,0.005508945,0.028739794,5,6
polaris memories,sereno,99.38401442307692,0.0147484051579576,0.052313975,0.023292576,0.017204589,3.193925353,0.113913513,0.151039051,0.328117141,1.737004934,-0.034577026,0.24584438,0.032357571,0.26304538,0.029738348,0.065144305,0.005602559,0.037921381,0.002790237,0.020145662,0.020027872,1.661704512,0.474485929,0.20844677,0.034263744,0.23175241,0.014423155,0.040567981,2,6
preacher,one republic,143.5546875,-0.0175535413220517,0.054871422,0.023245751,0.080406781,3.204647997,0.124631608,0.157745317,0.428856274,1.677131659,-0.012547545,0.137798475,0.030360773,0.237658448,0.025899644,0.044797501,0.008492866,0.052634886,0.008298757,0.013992067,0.048412741,0.651527157,0.280429962,0.208402147,0.030912548,0.221109876,0.004632394,0.030779711,5,2
promise,ft island,129.19921875,0.0014804140479765,0.054784224,0.02636441,0.071606487,3.143005478,0.148510588,0.183831691,0.385456574,1.842878822,0.265221642,0.267103518,0.032677681,0.233280041,0.018837532,0.03967095,0.005544435,0.068449892,0.007943106,0.017639976,0.041456895,0.898819811,0.356411998,0.22770925,0.033077975,0.234005135,0.004354078,0.022448998,2,6
pyramid,"charice, iyaz",86.1328125,0.0241859970922945,0.062267905,0.025243055,0.047204999,3.202671831,0.149993895,0.182677131,0.503679748,1.625510217,-0.028226419,0.048489451,0.035479939,0.27177253,0.02349695,0.036654607,0.012913126,0.049803437,0.007452696,0.013932152,0.032871322,0.80703827,0.35449148,0.227699665,0.034138109,0.255229211,0.005110944,0.026201828,2,5
qing hua ci,jay chou,107.666015625,0.006708307648527,0.051406565,0.023239596,0.045135669,3.138737166,0.131459267,0.177716062,0.283736898,2.54255952,0.08453241,0.189725257,0.036338021,0.238301176,0.026343192,0.041179823,0.005994149,0.043555662,0.007318011,0.012144449,0.027123715,0.817144806,0.306437321,0.226723485,0.038809683,0.259609738,0.006192584,0.031491176,4,2
rainy summer,sereno,117.45383522727272,-0.0177002336209994,0.06104701,0.022172094,0.037998279,3.196780186,0.132897528,0.16434276,0.5756794,1.002074708,-0.042739733,0.09948694,0.025329623,0.292614667,0.024994176,0.051933161,0.007666623,0.037226686,0.006789375,0.015530886,0.019874189,1.12090814,0.395294936,0.199937999,0.026411109,0.275280403,0.006122714,0.029676632,2,3
red,taylor swift,123.046875,0.0333303681429671,0.070142659,0.023474146,0.052252808,3.201634905,0.146173622,0.172552801,0.655308765,1.584613912,0.165316269,0.135029488,0.025203002,0.255060702,0.018299642,0.036117156,0.003227071,0.032130632,0.012612992,0.011249391,0.034209565,0.807237511,0.312399908,0.211909455,0.02510049,0.252373825,0.005195589,0.022485431,5,2
river flows in you,yiruma,143.5546875,0.0223457116027725,0.048238892,0.007940139,0.008847848,3.211261186,0.102852493,0.164075651,0.058109793,3.315682323,-0.263761028,0.010613125,0.025462276,0.02435061,0.034584999,0.010004465,0.013530554,0.01484809,0.006379556,0.006978416,0.005750396,0.898235911,0.350651199,0.191439478,0.031636065,0.025650923,0.009951032,0.046567784,4,6
rugs from me to you,owl city,151.99908088235293,-0.0262815681007085,0.091159668,0.049824757,0.044343585,3.218186868,0.177843317,0.183485069,0.808138867,1.300742607,-0.165687016,-0.019834533,0.052020856,0.497515561,0.023286241,0.044734614,0.005362995,0.034912188,0.006779351,0.01631406,0.018856019,1.357754877,0.42227686,0.246504172,0.054668039,0.524641646,0.010287923,0.026688325,2,3
sad past,takanashi yasuharu,69.83741554054055,-0.0177903335509231,0.037659649,0.010626236,0.015619588,3.22783347,0.101139283,0.165758612,0.126032817,2.607184253,-0.430964212,-0.269797886,0.024780032,0.057314279,0.031894189,0.012406033,0.012627739,0.013265508,0.004210414,0.008646821,0.005765111,0.928879913,0.334341871,0.196393593,0.030994318,0.055064106,0.013399312,0.041824962,4,6
sakura's theme,toshiro masuda,89.10290948275862,-0.0309359741928688,0.045156437,0.019972112,0.027160144,3.170994436,0.129409184,0.188449854,0.233795213,2.770955528,-0.008955321,0.019327866,0.037625544,0.149369086,0.029523671,0.036412692,0.006958778,0.022566499,0.004226249,0.009144388,0.009392925,0.915609622,0.323104193,0.198534637,0.039277155,0.134270829,0.009337107,0.034675489,2,4
save you tonight,one direction,129.19921875,-0.0200514388783486,0.082052034,0.037727546,0.07968487,3.199501988,0.171794181,0.18289369,0.721300467,1.160775861,0.081255628,0.102316233,0.036895287,0.388264716,0.018356862,0.065049576,0.005755333,0.033770227,0.009312323,0.018484667,0.058674042,0.893883207,0.36753531,0.228582118,0.030635182,0.328663494,0.005540124,0.019764483,2,3
shelter,"porter robinson, madeon",99.38401442307692,-0.0147987577443495,0.059335924,0.025937703,0.131881661,3.195948621,0.170012992,0.194876032,0.424928006,1.917392385,0.110024433,0.198723265,0.028959422,0.229867281,0.016916902,0.059841449,0.003426197,0.053522423,0.004912552,0.016692243,0.046234854,0.733449165,0.367868332,0.213439129,0.029141061,0.233668546,0.005203594,0.020330328,5,2
silhouette,kana boon,92.28515625,0.0063135503863943,0.060101306,0.017572166,0.13919361,3.212072532,0.14317266,0.162998921,0.638311342,1.253912634,0.436994461,0.214045522,0.019602833,0.196292372,0.016985455,0.026757536,0.003600024,0.079540865,0.003511197,0.017021654,0.040041102,0.642257421,0.280115774,0.209263138,0.020058919,0.193391285,0.003945362,0.020240202,3,6
sky chord,tsuji shion,83.35433467741936,-0.0054429524658464,0.053328168,0.016796969,0.063545236,3.220116829,0.129881362,0.169140718,0.456202134,1.607051171,0.052603861,0.131279857,0.025563036,0.194370334,0.02397829,0.023176635,0.006904332,0.021947222,0.010375863,0.008535233,0.021548283,0.772908098,0.319855431,0.217311281,0.028442082,0.175740344,0.004834045,0.029373838,2,5
something i need,one republic,99.38401442307692,0.007352069794559,0.0623082,0.034722228,0.051329371,3.170602148,0.15206845,0.182183784,0.488489854,1.925009314,0.11168543,0.105881133,0.038768148,0.330000993,0.021901972,0.053428869,0.00625289,0.039409077,0.005583654,0.015166446,0.034801204,1.008827493,0.364525025,0.22714272,0.03762241,0.307935579,0.006215916,0.025554841,2,5
somewhere,july,89.10290948275862,-0.0169395946605028,0.028471179,0.016364339,0.063180099,3.148140176,0.111295646,0.176474923,0.126754813,2.525713614,0.130363447,0.395309761,0.048150025,0.132354744,0.046418563,0.061199089,0.002031063,0.045499379,0.003651881,0.01543368,0.059849831,1.031626147,0.322515654,0.180473832,0.05821079,0.138085882,0.011029516,0.05956511,5,2
sparks fly,taylor swift,117.45383522727272,-0.0246454358490582,0.088342773,0.035765944,0.089338303,3.20798319,0.17964111,0.192460918,0.84581474,1.528168517,0.302569291,0.076878603,0.038210707,0.339284664,0.019425357,0.034442944,0.004978354,0.02605387,0.006498706,0.010464195,0.037391146,0.698697014,0.302397446,0.205702587,0.035402313,0.310882875,0.002803224,0.020765631,2,6
spectre,alan walker,129.19921875,0.0150293707768633,0.062782336,0.020621456,0.069501544,3.077907667,0.154671552,0.181832802,0.610657953,1.485158381,0.401403648,0.325073663,0.024162725,0.234448893,0.017930538,0.055947958,0.002531441,0.043556846,0.00388932,0.016994244,0.033116023,1.127740228,0.399489968,0.211391225,0.029819345,0.296425901,0.006076117,0.022907072,3,6
spin and burst,yaiba,89.10290948275862,-0.0017774532365878,0.062382745,0.020274474,0.041559532,3.137778126,0.152279657,0.18043001,0.570966314,1.354288626,0.312493605,0.171955542,0.024323249,0.222377863,0.019401663,0.030252443,0.002891046,0.082404818,0.003177112,0.019590797,0.026685414,0.687966569,0.235395513,0.195492393,0.024134051,0.231885166,0.004836824,0.02071616,1,6
spinning world,diana garnet,112.34714673913044,-0.0200405427666286,0.084106306,0.023327221,0.107637606,3.196354901,0.170642333,0.183475843,0.789625509,1.338620478,0.331854584,0.071894023,0.023219423,0.239323212,0.015256116,0.035433504,0.004109417,0.053198473,0.007320009,0.012561638,0.041193358,0.594819779,0.321615318,0.224148438,0.023620507,0.251879205,0.00305435,0.016081957,3,2
spiral moon,sereno,95.703125,0.0061114105020623,0.056757713,0.019777403,0.011734491,3.147104605,0.120150641,0.154508344,0.454429918,1.547878929,-0.144799088,0.188963123,0.030597003,0.256899276,0.0320709,0.027310999,0.00624132,0.039048942,0.008708103,0.011049186,0.013680811,1.108544775,0.358383305,0.216127548,0.032746641,0.247279523,0.010239337,0.038372208,2,5
star at dawn,vk,129.19921875,-0.0232927726124244,0.036618441,0.009635006,0.008883523,3.208232921,0.090160511,0.15263669,0.0739866,2.775499413,-0.312852264,-0.087092859,0.028509112,0.046115193,0.039994092,0.016057282,0.005448404,0.012186662,0.005670038,0.007851053,0.004311308,0.976987022,0.313425328,0.180782636,0.032448766,0.039610646,0.011845487,0.049449778,4,2
star sky,two steps from hell,129.19921875,-0.0195013843060995,0.039904123,0.008137886,0.065665255,3.19592389,0.100528391,0.144862869,0.288275047,1.902011783,0.028029236,0.094296846,0.016577272,0.081528823,0.025019602,0.030762306,0.007531708,0.033094239,0.006325261,0.00942316,0.020807101,0.539351641,0.23075278,0.19444822,0.020066173,0.090744432,0.003162973,0.03199159,1,2
starry night rondo,sereno,184.5703125,0.0222269949195814,0.054005041,0.018133898,0.034501439,3.21444822,0.123869943,0.163160276,0.341359252,1.451243122,-0.163387703,0.264819399,0.031703284,0.230471425,0.031718958,0.025308322,0.011098598,0.018071907,0.004177575,0.012089107,0.022021285,0.910917388,0.390851146,0.210050997,0.038227614,0.238432864,0.006512443,0.041104164,2,5
still in love,jason chen,143.5546875,-0.01892568767403,0.089610374,0.052515448,0.050699282,3.228882431,0.202001829,0.206572309,0.676044883,1.783806438,-0.168141372,0.163409668,0.061685785,0.462622895,0.032805448,0.063408165,0.006043689,0.033833306,0.010800783,0.01688141,0.019177494,0.784469485,0.395961001,0.232002535,0.07468049,0.492486867,0.005079314,0.041595864,2,5
strong bonds in mind,takanashi yasuharu,161.4990234375,0.0324963911113938,0.058497051,0.0115259,0.034094485,3.216863655,0.125366004,0.160014781,0.457976847,1.426401712,-0.025629168,0.085685735,0.020557881,0.128562911,0.021166051,0.027386288,0.004612958,0.038100639,0.003973846,0.009849729,0.009294078,0.562180552,0.211090334,0.188978517,0.021000869,0.123944811,0.005644322,0.024026839,1,6
super clap,super junior,129.19921875,-0.0050769355397053,0.06135565,0.024621605,0.132388221,3.157502956,0.171749116,0.197359717,0.554541055,1.006714315,0.150644389,0.17906058,0.035664874,0.264811458,0.024116576,0.05562538,0.005173489,0.069887666,0.005764327,0.01934779,0.051984509,0.713190987,0.340675394,0.235802522,0.043598541,0.289702838,0.00278094,0.03153865,3,6
take it slow,taeyang,112.34714673913044,-0.0262634672332435,0.052902247,0.029988701,0.060411157,3.149687204,0.147920715,0.184560981,0.375254466,1.512916594,0.239899765,0.179795927,0.04449073,0.290277298,0.026632299,0.045109165,0.005088656,0.064706046,0.009332867,0.017253116,0.029729265,0.874974945,0.404870844,0.23595804,0.040234377,0.287854237,0.005668421,0.027111542,5,2
talking with the star in the night,sereno,92.28515625,0.0099985192443941,0.028634936,0.006391626,0.014189887,3.230144604,0.081953526,0.143285144,0.105724034,2.493452463,-0.349810203,-0.096775772,0.024182842,0.052569244,0.041873892,0.015376875,0.00554369,0.014154002,0.002972362,0.006006789,0.005549134,0.776988803,0.232693046,0.188647885,0.028995232,0.046094467,0.00537053,0.051692428,4,2
tell me why,teen top,123.046875,-0.0155940431147517,0.09496028,0.050118206,0.077172158,3.088279016,0.218831192,0.223663687,0.70547368,1.845121783,0.268224714,0.255463195,0.051284162,0.436854992,0.020365203,0.072862355,0.004966133,0.052329084,0.008595802,0.020726026,0.057509425,1.307744834,0.432502925,0.252197213,0.059482391,0.476691627,0.004868492,0.025990793,3,2
the colonel,two steps from hell,89.10290948275862,-0.0237327561710603,0.032697835,0.00990904,0.065114918,3.16333231,0.112563633,0.161707739,0.199252779,2.001300002,0.034528481,0.214648787,0.017701286,0.070978892,0.022555883,0.064306486,0.002469642,0.040792694,0.005021775,0.0196555,0.031810825,0.530567897,0.223389882,0.191327824,0.020375996,0.077862015,0.003101725,0.029199356,1,6
the monster,"eminem, rihanna",112.34714673913044,0.0113798229310625,0.073731722,0.045076805,0.072937119,3.167278509,0.166286165,0.185582321,0.655747051,1.261195899,0.101157126,0.129410663,0.051607706,0.414144341,0.027006748,0.058617016,0.006426177,0.051076051,0.009562124,0.019244768,0.040409961,1.141306949,0.456509514,0.278630653,0.054407614,0.420041228,0.005924749,0.032015663,6,1
the relief,kajiura yuki,107.666015625,-0.0120322718361027,0.068102861,0.028610895,0.073587129,3.21100403,0.16932181,0.19633072,0.575818917,1.281976486,0.16615226,0.345803367,0.04464305,0.258536242,0.031740283,0.070423332,0.003889427,0.047647195,0.00374144,0.020412737,0.0359671,0.675743633,0.347794606,0.211507657,0.050879481,0.285931957,0.005370974,0.036410574,1,6
the sea,yamagami takeshi,129.19921875,0.009738261918413,0.028404732,0.00466337,0.015786233,3.212961522,0.079198217,0.140181374,0.065443206,2.49499186,-0.325693888,-0.127876831,0.023421674,0.036266752,0.041347216,0.013592795,0.013253368,0.022294518,0.007404072,0.008365693,0.013128909,1.1041835,0.291844592,0.20975005,0.029572704,0.036942873,0.010321266,0.053850741,4,6
the story of us,taylor swift,143.5546875,0.0292041947135962,0.092805046,0.033231957,0.076578168,3.196102786,0.17173976,0.173656216,0.943077082,1.268243452,0.210819151,0.108848056,0.033192956,0.329704092,0.019033014,0.064995089,0.004305179,0.023320049,0.008902449,0.018525065,0.046230631,0.801513523,0.342465654,0.219711534,0.03236678,0.323526489,0.003167343,0.021808194,3,2
theme of el,yamagami takeshi,123.046875,0.03273651364332,0.031983859,0.005241435,0.01418781,3.221292113,0.084357469,0.142100041,0.067057569,2.067346687,-0.301792811,-0.157388195,0.024954711,0.041133512,0.041676205,0.010447273,0.016919835,0.01160079,0.0057316,0.008051055,0.01418768,1.295031204,0.338613905,0.20509545,0.032770382,0.041913955,0.01151416,0.057014932,4,6
this is me,"demi lovato, joe jonas",92.28515625,-0.0047991663084711,0.076425661,0.0286411,0.097011143,3.222837029,0.163048414,0.179476951,0.727107155,1.336210848,0.211254994,0.161231587,0.033584106,0.280763281,0.019477605,0.042207328,0.005345716,0.030681415,0.009248148,0.011807428,0.03433531,0.639676126,0.333796253,0.233182584,0.031894179,0.259873683,0.002310467,0.021528788,3,6
this is me,keala settle,95.703125,0.0166822675656616,0.058731032,0.028440489,0.041726204,3.163969881,0.137488682,0.167215128,0.449208707,1.538940109,0.117172796,0.117648505,0.031243122,0.272896695,0.020226836,0.042361509,0.003927366,0.037805783,0.009811499,0.013780389,0.02196066,0.794276177,0.319712457,0.216076988,0.029158717,0.246344702,0.0042147,0.02350937,5,2
three,britney spears,135.99917763157896,-0.00791221315736,0.072893007,0.035881686,0.124348422,3.167850701,0.162693919,0.179669877,0.677581136,1.081375922,-0.000564084,-0.003993941,0.037611026,0.409536118,0.022070113,0.074822995,0.006821421,0.063857322,0.008674478,0.024084527,0.10845526,1.414987713,0.46067122,0.243725956,0.041611582,0.399506361,0.011721618,0.026516583,3,6
three dragon slayers,takanashi yasuharu,78.30255681818181,0.0061031395090477,0.069802487,0.019972713,0.104086762,3.157183235,0.152418809,0.176277924,0.609103321,1.511448327,0.232960075,0.141788198,0.024098518,0.208270354,0.018262041,0.031702615,0.00398436,0.076041199,0.003832151,0.017444491,0.048504518,0.635060619,0.242874707,0.195737041,0.02171222,0.210242524,0.002890794,0.01880171,1,6
traveler of the magic borders,takanashi yasuharu,117.45383522727272,-0.0125497959174276,0.077865569,0.019596117,0.076523342,3.194965858,0.157553754,0.173201447,0.773256138,1.272414194,0.203229518,0.264763496,0.023770796,0.23182047,0.015764026,0.033505868,0.004654071,0.066963883,0.003744635,0.016081588,0.029419623,0.580939794,0.219237519,0.192940011,0.026770253,0.267273115,0.003750213,0.018618488,1,3
try,colbie caillat,92.28515625,-0.0181671930141592,0.063558984,0.041384755,0.034809741,3.202659801,0.152158645,0.187259529,0.452147719,2.377481069,-0.14878981,-0.233072468,0.04630084,0.396087219,0.022558475,0.016875873,0.007705418,0.020192317,0.015083997,0.010604792,0.013902034,0.833803816,0.353195385,0.228092375,0.045825149,0.373527618,0.00770273,0.027105272,5,6
try,pink,103.359375,0.0210597161874811,0.066847383,0.025186938,0.049740552,3.180720149,0.160971566,0.186853609,0.560939419,1.896559701,0.369517037,0.347560573,0.033265299,0.266436822,0.02215851,0.04690868,0.006155947,0.039043853,0.003262745,0.013584992,0.038650924,0.935242732,0.35504674,0.22931221,0.034648704,0.281137261,0.006381368,0.027644511,3,6
tsuna awakens,toshihiko sahashi,103.359375,-0.0292904224637139,0.043523603,0.014113552,0.055144571,3.14204302,0.115653762,0.162487835,0.320180011,2.008802445,0.189970271,0.231664813,0.028640475,0.142805815,0.032995819,0.030876589,0.002268256,0.040342677,0.00607117,0.010036242,0.030254699,0.76930717,0.31691205,0.193234003,0.032622218,0.143945423,0.006599022,0.040686097,1,6
twenty two,taylor swift,103.359375,-0.0054318744089379,0.139962943,0.065508147,0.04927425,3.166650016,0.234891886,0.242688415,0.979406361,1.246403842,0.212324333,0.058742172,0.052723533,0.387343777,0.043896094,0.077201476,0.005914755,0.057262226,0.003595493,0.019830786,0.043240184,1.219415256,0.441208312,0.245450991,0.044179656,0.388788782,0.005729015,0.033374233,2,3
u smile,justin bieber,75.99954044117646,-0.0095133800321737,0.057729854,0.024501567,0.057242111,3.191261404,0.13698071,0.177667901,0.368520711,1.754329055,-0.083476034,-0.029397401,0.034510779,0.259310607,0.026326593,0.043848326,0.011321124,0.022624324,0.013935833,0.013756166,0.035895397,0.979765949,0.394217908,0.227604708,0.034475152,0.255677131,0.00622073,0.030059479,5,2
unexpectedly,jason chen,112.34714673913044,-0.0064963193875992,0.046513048,0.034933828,0.073877851,3.205919416,0.131271554,0.179126378,0.285276559,2.687788084,-0.131949162,-0.082526633,0.045320041,0.298191757,0.024956808,0.039543468,0.00533419,0.039408672,0.012883913,0.01309034,0.025808881,0.781755847,0.349224323,0.222986583,0.04153026,0.275498995,0.005802337,0.029194869,2,5
victory,two steps from hell,117.45383522727272,-0.0089272341762427,0.039677789,0.008551039,0.075678703,3.194837546,0.108395581,0.15423442,0.287412615,1.948954571,0.050498601,0.200960115,0.019692944,0.092225765,0.025258732,0.040559388,0.00747428,0.037674768,0.005792977,0.011376057,0.020102426,0.516094356,0.221471006,0.190965908,0.025735763,0.106118796,0.004122777,0.033145247,1,6
wait for you,elliot yamin,117.45383522727272,-0.0195424659344135,0.056478049,0.037174446,0.059561805,3.175071527,0.15373019,0.186971764,0.412406962,2.097308718,0.042980348,0.062606156,0.044089718,0.34069089,0.022135821,0.075315594,0.004181114,0.066835328,0.007902815,0.016404233,0.026514284,1.093978983,0.363662371,0.240302365,0.043495092,0.324461853,0.009332923,0.026371707,4,5
wake me up,avicii,123.046875,0.0269029308088765,0.074961071,0.030844636,0.068718171,3.183794056,0.167745027,0.190729269,0.651242282,1.468934031,0.001886566,0.208479315,0.032372214,0.316974684,0.019100751,0.039821304,0.007500061,0.038599627,0.004818366,0.01491778,0.034848912,0.721589069,0.322853043,0.216715279,0.032615326,0.306476827,0.005948268,0.021767423,3,2
wan you yin li,wang su long,95.703125,0.0201897827805379,0.059257033,0.035181845,0.089668963,3.176490683,0.156104093,0.188122132,0.443498249,2.403648732,0.152217164,0.0646697,0.040253743,0.347701067,0.022016405,0.052884295,0.004955434,0.043853646,0.006097805,0.013189899,0.032824335,0.862648759,0.336479413,0.216202546,0.038661608,0.313303427,0.005759043,0.02567459,2,6
way back home,shaun,135.99917763157896,-0.0100642109792073,0.042091472,0.025386419,0.067216099,3.16729454,0.120137784,0.166228825,0.256071027,2.129558226,-0.15026176,0.045359178,0.031611665,0.249816295,0.023959535,0.039139218,0.007327945,0.063967781,0.009304002,0.01749166,0.058117636,1.642469356,0.449152463,0.267384247,0.037122307,0.287845521,0.009614484,0.031715945,5,2
what makes you beautiful,one direction,123.046875,0.0209225986214269,0.090087001,0.037892902,0.07937871,3.180808677,0.188323862,0.19585222,0.837644677,1.039618749,0.160105107,0.327323916,0.035928401,0.385995435,0.020285221,0.053849026,0.003292821,0.035893803,0.011108683,0.016366252,0.049232006,1.2747375,0.420478168,0.229626506,0.032377438,0.345757735,0.003501184,0.0223492,3,2
whistle,flo rida,103.359375,-0.0154692925966865,0.0827939,0.045972175,0.052957113,3.17469341,0.179482995,0.187350716,0.754401099,1.255665427,0.001139684,0.174244028,0.042970893,0.470701519,0.018577538,0.0795085,0.0056613,0.044281622,0.00406934,0.019225225,0.034537152,1.264363111,0.473190655,0.25033955,0.042891701,0.473293006,0.006236409,0.021705344,2,5
who says,selena gomez,99.38401442307692,0.0178945578622397,0.094103948,0.051940447,0.100135308,3.201916487,0.1997828,0.206162885,0.819254702,1.441277593,0.059808041,-0.098002808,0.051474269,0.474825549,0.025289908,0.031007734,0.006386935,0.055105093,0.012159457,0.015531115,0.049533121,1.077398332,0.411637415,0.261201687,0.054358592,0.476722795,0.004257187,0.029430733,2,3
why don't we go there,one direction,161.4990234375,-0.0136301356561229,0.08260293,0.03037342,0.101565823,3.202402025,0.195281068,0.219268769,0.729767122,1.419666406,0.159959737,0.258763849,0.037156532,0.327879268,0.027245789,0.038056657,0.004890311,0.025585013,0.008994224,0.015103646,0.074771106,0.86714679,0.333690792,0.230587999,0.04350917,0.342342315,0.005498452,0.034359776,3,6
wo shi zhen de ai guo ni,liu zeng tong,143.5546875,0.0005712135405318,0.046093322,0.028648466,0.068123442,3.197499995,0.128996651,0.171464181,0.289455538,2.17409343,0.045673987,0.142978561,0.038408264,0.270518896,0.027576687,0.098988073,0.006732524,0.03586083,0.011189291,0.02145522,0.030412924,1.025230712,0.420939797,0.223735029,0.03903098,0.256772192,0.011695795,0.034192967,2,4
wolves,"selena gomez, marshmello",123.046875,0.0250855344675721,0.065642415,0.038729849,0.063065911,3.185351956,0.153283001,0.180674393,0.527684533,1.803399412,0.009651416,0.085700818,0.046371915,0.400501603,0.025047722,0.043579249,0.009955456,0.037628028,0.008646649,0.015027512,0.042984088,0.933832421,0.388743525,0.228076784,0.050339918,0.424358834,0.006655439,0.029853224,5,6
wu ji,lin hai,83.35433467741936,0.0110321143982912,0.027632455,0.007655711,0.038193415,3.252200911,0.084325289,0.150710965,0.086084735,2.70347596,-0.097625369,0.016441814,0.023169381,0.048896983,0.034478734,0.035439665,0.002553853,0.018362949,0.005507758,0.009048256,0.006824748,0.627368383,0.272014688,0.193682423,0.028754045,0.042248894,0.006322219,0.045171812,4,6
xiao xing xing,wang su long,135.99917763157896,0.0223360881947161,0.052193899,0.039845001,0.064565718,3.21739497,0.150716541,0.189209671,0.373003495,2.662736389,0.070676049,0.165456346,0.047058395,0.370999344,0.02374098,0.027471244,0.002272044,0.031037639,0.011580842,0.010988516,0.024152365,1.079729037,0.393872656,0.236933023,0.045138529,0.332775907,0.00916724,0.029978272,2,4
ye yan feng bo,yin que shi ting,89.10290948275862,-0.0186386402629344,0.059346476,0.02890064,0.049134801,3.165019449,0.135641612,0.167483888,0.439599226,1.476150799,-0.148023975,-0.197348875,0.036448649,0.343457163,0.024640337,0.042298888,0.014994412,0.026265055,0.012847749,0.013906442,0.060216832,1.260123867,0.444691922,0.237675516,0.03821333,0.342714525,0.007904046,0.029274854,5,6
yi xiao qing cheng,wang su long,117.45383522727272,-0.0098565966514305,0.05209151,0.032367796,0.063030049,3.148105063,0.150626724,0.187415508,0.39359934,1.812492769,0.113018991,0.063724648,0.040516867,0.318651424,0.022478591,0.076916339,0.002885338,0.070738178,0.005401708,0.02048344,0.039770122,1.016206882,0.382511561,0.226695506,0.041004926,0.310830501,0.008888385,0.027205994,2,6
you don't go,super junior,99.38401442307692,0.0267686808335813,0.067852188,0.032210955,0.103605156,3.218288421,0.15646486,0.179484624,0.548846537,1.563984212,-0.031635489,0.177295385,0.035927524,0.348794733,0.020248079,0.041814081,0.010101202,0.039924672,0.010242631,0.014404762,0.048231913,1.050300951,0.37105033,0.216877376,0.038131763,0.354898867,0.004592316,0.024289913,5,2
you he bu ke,xu song,99.38401442307692,0.0153391468783476,0.056268497,0.042849941,0.07369258,3.166331805,0.156298084,0.198087783,0.380228721,2.827600736,0.126364413,-0.037131955,0.062375676,0.397204254,0.041329809,0.063819304,0.002932844,0.031444299,0.005988824,0.01667421,0.041609906,1.132257085,0.402371747,0.242564335,0.071073417,0.410712263,0.009545731,0.050956467,2,4
youth,troye sivan,123.046875,-0.002241655945459,0.056377209,0.035249144,0.081589632,3.192966101,0.140693373,0.169824233,0.471329671,2.00299491,-0.022465779,0.202763104,0.041160721,0.374689266,0.023599453,0.04326745,0.011709651,0.041075646,0.005751016,0.013790152,0.036208261,0.903735981,0.388618102,0.235085662,0.039177617,0.372677625,0.005692774,0.027475578,5,6
zhe shi ai,"henry, donghae",151.99908088235293,-0.0200141904504342,0.019519883,0.004853157,0.010187435,3.202357244,0.07501432,0.148539267,0.042695101,3.324139361,-0.191763652,0.14320005,0.02744113,0.040443783,0.042586504,0.029849655,0.002456061,0.018666408,0.003572378,0.007238007,0.005241229,1.11866928,0.30991436,0.191399308,0.036687347,0.037480601,0.012192123,0.058416275,4,6
zui mei hun li,bai xiao bai,112.34714673913044,0.0226500527888819,0.051512338,0.039506245,0.05678499,3.168251024,0.134493174,0.169568166,0.450743882,2.131428309,-0.122442486,0.135097283,0.043756661,0.439688893,0.024740481,0.069616394,0.002281511,0.03572791,0.00688557,0.017066476,0.025833508,1.111880826,0.477303071,0.251262934,0.042642955,0.410848173,0.009373433,0.031183742,2,4
zurui yo,chihiro,161.4990234375,0.0019649766952182,0.047712878,0.022573964,0.122361745,3.181778934,0.12977037,0.173563986,0.33948109,1.830132324,0.049174217,0.088490119,0.033783919,0.239541571,0.024763507,0.07625877,0.004878585,0.043349632,0.005048606,0.022262824,0.048790207,0.943596744,0.354265346,0.21150441,0.036155193,0.243592675,0.00845739,0.029180065,6,5
